,Gflops,Execution time (s),Average speed,Average time
LM,98.44,81.06180810928345,87.0875,32.85339879989624
VNS_LM,100.39,102.0955376625061,91.201,144.70039652585984
