,Gflops,Execution time (s),Average speed,Average time
LM,83.64,23.450657606124878,75.765,16.838637590408325
VNS_LM,89.77,125.16997337341309,83.19,90.45157432556152
