,Gflops,Execution time (s),Location
0,83.64,23.450657606124878,[336 408 648  32  10  32  76  36]
1,67.89,10.226617574691772,[272 232 472  32  10  32  44  56]
