,Gflops,Execution time (s),Location
0,89.77,125.16997337341309,"[336, 412, 648, 32, 10, 64, 72, 36]"
1,76.61,55.73317527770996,"[288, 232, 468, 32, 10, 32, 44, 56]"
