,Gflops,Execution time (s)
HC,"[41.64, 38.9, 56.6, 58.5, 61.9, 58.17]","[1.7877111434936523, 3.5156667232513428, 5.863090515136719, 10.381404876708984, 19.718526363372803, 10.610268831253052]"
PHC,"[40.96, 40.93, 42.18, 59.24, 60.62, 63.64]","[2.955031394958496, 4.563984155654907, 7.448479175567627, 12.528437376022339, 17.13128352165222, 13.89760422706604]"
GR,"[55.36, 63.91, 60.01, 60.54, 56.63, 61.66]","[26.559144735336304, 50.452632427215576, 47.74915146827698, 39.18154501914978, 37.19806456565857, 51.568254232406616]"
TGR,"[59.08, 52.78, 60.24, 57.08, 64.0, 63.58]","[43.65355086326599, 26.72853708267212, 41.23995351791382, 32.44328689575195, 41.90714979171753, 47.37664866447449]"
SA,"[38.13, 58.98, 53.57, 53.04, 48.61, 45.88]","[1.733715534210205, 2.9731624126434326, 4.955127239227295, 11.70500111579895, 62.44519543647766, 58.74007058143616]"
