,Gflops,Execution time (s),iteration ordre
HC,"[69.62, 65.9, 63.56, 76.16, 73.51, 93.14, 85.81, 97.72, 100.91, 92.15]","[0.4693636894226074, 0.7328426837921143, 1.3786354064941406, 1.9100890159606934, 5.348766326904297, 6.8939831256866455, 19.731788635253906, 26.40475082397461, 25.10529375076294, 10.274245023727417]","[1, 2, 5, 10, 20, 40, 80, 160, 320, 500]"
PHC,"[53.61, 70.34, 70.67, 73.75, 71.98, 80.79, 91.64, 96.09, 76.5, 108.22]","[1.5616941452026367, 1.641387939453125, 2.3938608169555664, 3.4388747215270996, 6.571730136871338, 8.480064392089844, 13.96081805229187, 21.152761220932007, 8.716643810272217, 41.26692485809326]","[1, 2, 5, 10, 20, 40, 80, 160, 320, 500]"
GR,"[74.73, 79.43, 80.81, 79.87, 78.25, 94.54, 104.2, 104.92, 105.47, 91.04]","[8.1748526096344, 14.869094371795654, 22.033915758132935, 26.287945985794067, 26.30375075340271, 66.516770362854, 51.92252588272095, 80.06124830245972, 70.61059999465942, 30.96432614326477]","[1, 2, 5, 10, 20, 40, 80, 160, 320, 500]"
TGR,"[69.64, 79.06, 82.9, 79.03, 80.64, 95.71, 74.8, 101.64, 78.15, 75.69]","[8.210632562637329, 14.898987770080566, 34.66900706291199, 22.317842483520508, 19.692903757095337, 51.01278781890869, 21.781572103500366, 45.48748254776001, 23.292495250701904, 14.667001008987427]","[1, 2, 5, 10, 20, 40, 80, 160, 320, 500]"
SA,"[61.36, 54.86, 70.04, 65.1, 68.94, 76.81, 75.47, 64.93, 100.69, 65.69]","[0.47881007194519043, 0.8071377277374268, 1.0822715759277344, 2.5805156230926514, 4.4346559047698975, 13.749860286712646, 18.782371520996094, 43.26398730278015, 26.131706476211548, 25.939212322235107]","[1, 2, 5, 10, 20, 40, 80, 160, 320, 500]"
